,Unnamed: 0,id,pickup_datetime,pickup_latitude,pickup_longitude,dropoff_latitude,dropoff_longitude,passenger_count,fare_amount
0,0,4142,2015-01-07 15:32,-263,-374,396.0,67.0,-2,31
1,1,1392,2015-10-21 22:52,-65,-44,39.0,62.0,2,74
2,2,4606,2017-05-07 3:25,442,424,458.0,328.0,-2,6
3,3,1600,2017-05-14 9:57,-349,269,-340.0,143.0,-2,66
4,4,4332,2017-04-11 16:01,-119,264,-243.0,494.0,2,88
5,5,3490,2015-04-26 3:51,118,454,-159.0,-116.0,2,75
8,8,2088,2015-07-21 7:55,-393,-241,-289.0,-109.0,-1,75
9,9,4041,2015-03-04 14:21,213,-194,-102.0,328.0,2,38
10,10,4376,2017-04-24 6:56,202,-1,-437.0,260.0,1,37
11,11,2871,2015-09-15 20:00,-17,173,-377.0,98.0,2,40
12,12,4783,2015-08-15 22:29,312,10,-450.0,88.0,3,24
13,13,1757,2017-10-03 6:15,11,135,-133.0,-98.0,4,42
14,14,1516,2017-03-26 14:42,-328,-95,332.0,-21.0,0,52
15,15,2672,2015-01-15 5:32,291,-105,-474.0,285.0,4,24
16,16,1818,2015-06-28 20:58,-500,-64,269.0,292.0,-1,27
17,17,3102,2017-05-09 17:27,196,-217,-108.0,-10.0,0,51
18,18,1748,2016-04-18 8:04,-140,-408,-414.0,265.0,1,44
19,19,3062,2016-03-23 6:23,-408,-351,402.0,-11.0,4,51
20,20,4036,2015-05-19 18:57,-43,-299,-492.0,-127.0,5,4
21,21,1114,2015-06-16 11:10,181,-28,305.0,7.0,-2,66
22,22,2463,2017-07-22 17:51,-263,450,469.0,-193.0,4,11
23,23,4565,2016-06-06 17:23,-435,381,381.0,130.0,3,65
24,24,3862,2017-08-06 8:27,-95,211,-3.0,357.0,2,46
25,25,4023,2015-06-19 5:33,-141,233,316.0,-385.0,4,32
26,26,2438,2017-05-15 5:56,318,212,-332.0,113.0,2,64
27,27,4108,2015-02-03 0:03,-464,360,-461.0,419.0,5,7
28,28,1586,2017-07-26 4:49,-469,-464,64.0,-114.0,3,96
29,29,1333,2015-08-27 0:08,-117,321,79.0,-444.0,5,89
30,30,3396,2015-06-29 20:45,447,22,-311.0,207.0,-1,25
31,31,2561,2016-10-04 12:58,-499,-235,218.0,270.0,-1,53
32,32,1794,2015-11-21 11:27,-110,-302,260.0,45.0,2,6
33,33,2688,2017-10-18 12:57,-63,-413,308.0,106.0,1,36
35,35,3286,2016-10-06 14:53,-305,67,269.0,-167.0,3,81
37,37,2966,2017-09-14 10:03,-466,425,132.0,-131.0,1,86
38,38,3074,2015-11-09 1:10,166,-216,-90.0,-129.0,2,58
39,39,4665,2016-11-26 10:50,-477,432,-450.0,4.0,3,15
40,40,1271,2017-04-25 3:50,134,-60,179.0,-38.0,-1,28
41,41,1847,2015-11-10 17:25,-416,451,-159.0,-133.0,3,27
42,42,4603,2015-03-02 17:13,336,475,93.0,-32.0,-2,63
43,43,3148,2015-11-11 10:39,-456,-417,409.0,239.0,0,79
44,44,1278,2015-08-07 22:48,-407,-351,-496.0,152.0,1,15
45,45,4491,2015-04-14 16:30,-151,323,377.0,151.0,2,26
46,46,2553,2016-07-24 4:12,363,93,-74.0,308.0,1,59
47,47,2537,2017-08-02 4:12,-115,-279,443.0,-45.0,1,84
49,49,2719,2017-11-09 7:29,289,-377,55.0,401.0,-2,74
50,50,1272,2016-02-23 15:08,-49,100,23.0,-385.0,4,73
51,51,1822,2015-07-11 1:43,238,-251,115.0,-313.0,-2,74
52,52,3862,2015-01-27 3:30,54,-381,8.0,35.0,2,36
53,53,2394,2015-03-01 0:26,250,158,-299.0,100.0,0,87
54,54,1967,2016-08-20 18:19,447,-124,-102.0,195.0,3,95
55,55,2205,2016-09-03 7:15,-295,-340,-249.0,498.0,0,13
56,56,1733,2015-04-19 20:48,-320,109,-191.0,-298.0,4,63
57,57,4260,2015-10-14 15:12,-359,-231,411.0,-2.0,5,64
58,58,2538,2017-05-05 1:14,-410,399,278.0,-348.0,5,19
59,59,2919,2015-03-06 12:02,-148,385,496.0,-203.0,4,79
60,60,4379,2016-09-08 21:54,-465,264,-412.0,153.0,2,20
61,61,4801,2016-01-23 7:02,-468,-174,412.0,-143.0,5,87
62,62,1068,2017-05-29 13:08,208,86,160.0,240.0,0,87
63,63,4698,2016-07-24 8:31,-45,15,160.0,-181.0,1,37
64,64,1131,2017-04-18 7:53,396,-378,318.0,-143.0,1,77
65,65,1605,2015-03-25 14:33,256,427,-481.0,152.0,4,18
66,66,2519,2017-08-16 16:49,4,-125,-120.0,495.0,1,50
67,67,2226,2015-02-28 19:35,-228,-275,-266.0,-209.0,-2,23
68,68,4705,2015-08-08 22:57,78,170,286.0,-322.0,3,94
69,69,3160,2017-11-28 19:24,-55,-251,-112.0,311.0,2,9
70,70,4762,2015-05-27 1:31,422,289,-420.0,-222.0,-1,93
71,71,4921,2017-01-17 10:55,-455,-262,101.0,-12.0,2,95
72,72,2425,2015-04-11 21:34,-131,421,-484.0,-243.0,-1,19
73,73,3627,2016-01-26 3:27,-113,-413,-257.0,-264.0,1,93
74,74,1101,2016-08-26 9:42,-53,-437,-354.0,-160.0,0,51
75,75,2453,2015-03-22 21:30,493,295,-381.0,-90.0,5,82
76,76,1416,2015-02-09 1:19,451,133,353.0,417.0,4,55
77,77,1531,2016-07-13 14:55,-202,94,49.0,-60.0,-2,19
78,78,2470,2017-04-08 5:36,-165,120,137.0,-2.0,4,69
79,79,1790,2017-09-18 5:34,-153,-29,54.0,-203.0,-2,46
81,81,1864,2016-04-14 12:29,237,-285,-298.0,-249.0,-2,91
82,82,2083,2016-11-07 19:45,72,-458,-208.0,-209.0,-1,32
83,83,1125,2017-11-18 22:46,-464,-427,-124.0,-272.0,-2,26
84,84,1736,2016-11-23 11:30,-175,147,-466.0,-133.0,4,46
85,85,1284,2015-10-06 12:26,-160,-271,-386.0,-306.0,1,69
86,86,1829,2015-08-24 5:48,-232,-205,-228.0,-239.0,0,13
87,87,3552,2017-09-17 11:58,158,-266,-267.0,-289.0,1,37
88,88,4165,2016-03-25 19:19,-203,-60,-371.0,-301.0,-2,39
89,89,2049,2015-10-20 6:09,-460,-366,7.0,-446.0,2,55
90,90,3151,2017-04-28 11:27,-159,464,-145.0,-190.0,2,33
91,91,1135,2015-05-21 21:28,-442,424,-255.0,-256.0,4,95
92,92,2970,2016-05-02 21:45,279,-357,-444.0,9.0,4,2
93,93,2009,2017-07-08 14:16,105,-181,213.0,-437.0,1,-70
94,94,1126,2016-03-09 10:42,185,387,134.0,-11.0,1,34
95,95,1830,2015-07-05 13:29,238,414,38.0,-221.0,-2,69
97,97,2005,2017-11-26 15:27,-13,-220,438.0,-105.0,0,61
98,98,1900,2017-02-05 2:25,423,39,113.0,311.0,0,20
99,99,3418,2017-06-07 17:23,-231,-114,330.0,-407.0,0,71
100,100,2835,2017-09-10 22:47,-329,323,314.0,162.0,5,89
101,101,4312,2016-11-29 19:37,-224,217,-141.0,219.0,0,47
102,102,1045,2015-01-07 22:44,-168,80,88.0,-216.0,3,58
104,104,3129,2015-11-05 21:09,-263,-303,360.0,99.0,-1,54
105,105,4591,2015-08-04 7:37,22,131,-45.0,-63.0,0,86
106,106,2617,2016-04-28 7:26,-136,14,-81.0,-117.0,0,23
107,107,1277,2015-04-07 13:55,-308,-452,44.0,-140.0,5,18
108,108,1435,2016-06-08 5:18,411,-62,-316.0,-91.0,5,12
109,109,4237,2017-06-15 5:10,-224,9,260.0,-345.0,-1,-70
110,110,2480,2016-05-19 11:19,-440,-325,-448.0,-486.0,-1,7
111,111,1740,2017-04-19 11:15,-104,-406,115.0,348.0,-1,-80
112,112,4871,2015-10-21 0:33,109,35,170.0,-5.0,3,37
113,113,4913,2016-01-20 5:37,411,15,411.0,15.0,1,29
114,114,3394,2015-04-15 6:22,-326,135,-326.0,135.0,0,66
115,115,3498,2015-07-03 12:21,-409,-149,-499.0,232.0,2,49
116,116,1785,2015-01-01 4:11,471,490,-370.0,-152.0,4,58
117,117,2908,2015-02-29 19:42:36,-138,-84,102.0,264.0,2,67
118,118,4232,2017-08-28 18:07,367,64,414.0,147.0,5,45
119,119,4478,2017-07-03 10:52,340,-172,49.0,-401.0,4,74
120,120,1270,2017-06-09 20:25,-398,-372,44.0,-297.0,1,-60
121,121,3970,2017-07-05 8:19,-476,-31,-476.0,-31.0,3,40
122,122,1910,2015-11-09 8:43,-350,-428,-350.0,-428.0,5,18
123,123,1492,2017-01-15 5:19,-107,125,20.0,149.0,0,-70
124,124,1666,2016-09-18 6:37,-493,-221,-330.0,249.0,-2,56
125,125,3331,2015-10-27 3:38,-169,245,-456.0,336.0,0,44
126,126,1608,2015-09-27 9:37,-468,-409,-395.0,118.0,5,21
127,127,3650,2015-01-25 16:16,171,-348,415.0,-412.0,-1,54
128,128,2259,2016-09-06 4:10,-120,211,186.0,303.0,2,48
129,129,2904,2015-10-17 7:10,360,-153,-458.0,-156.0,2,55
130,130,3974,2016-01-13 22:42,151,-188,-84.0,221.0,0,69
131,131,4340,2017-05-28 6:45,-215,-427,6.0,192.0,0,43
132,132,2343,2015-11-02 0:57,-187,-170,300.0,-289.0,1,46
133,133,1877,2016-09-25 15:22,493,436,-343.0,-217.0,1,52
134,134,4620,2017-03-24 6:46,250,339,72.0,63.0,-2,87
135,135,2617,2017-02-23 20:38,-199,486,-199.0,486.0,0,68
136,136,3106,2016-10-10 5:27,-215,-300,497.0,389.0,5,14
137,137,4085,2016-09-04 8:49,-340,-357,446.0,-28.0,3,37
138,138,2673,2017-08-19 8:12,252,-448,58.0,-489.0,3,89
139,139,3735,2016-05-02 9:08,-352,-344,-123.0,427.0,3,66
140,140,4826,2015-03-08 14:37,-109,269,-381.0,230.0,2,47
141,141,2137,2017-07-17 13:27,-343,463,-315.0,274.0,5,66
142,142,4524,2016-08-24 6:16,-171,-95,85.0,-485.0,-2,58
143,143,3244,2015-06-20 6:09,-136,-397,302.0,-490.0,1,29
144,144,4583,2015-05-29 5:14,317,-317,447.0,303.0,3,75
145,145,2798,2015-08-05 0:38,-428,275,-465.0,-340.0,-2,13
146,146,4654,2017-06-06 5:06,-486,44,-186.0,-157.0,4,72
147,147,3617,2015-06-02 19:38,-178,128,367.0,24.0,-1,43
148,148,4889,2017-03-02 2:20,67,-131,-383.0,-255.0,-1,-70
149,149,4212,2017-08-14 7:55,-12,-449,-354.0,396.0,-2,-70
151,151,1749,2017-04-29 13:17,-333,-58,-190.0,474.0,4,11
152,152,2100,2015-03-29 11:19,432,132,303.0,-369.0,5,89
153,153,2962,2016-09-01 2:33,-183,437,313.0,-145.0,-2,35
154,154,3343,2017-02-19 4:30,371,-150,-19.0,-291.0,0,79
155,155,1428,2015-04-19 11:04,487,498,-457.0,20.0,4,82
156,156,4900,2015-06-23 2:39,348,-239,-304.0,352.0,3,68
157,157,1005,2015-08-28 21:14,218,-418,-305.0,-44.0,5,-90
158,158,1424,2015-05-15 8:20,-80,-251,473.0,459.0,5,94
159,159,2317,2015-11-09 15:51,464,-178,-310.0,429.0,5,20
160,160,1872,2016-03-23 4:56,376,-385,382.0,405.0,5,37
161,161,3327,2015-01-08 0:08,284,216,-424.0,277.0,0,13
162,162,2530,2015-07-14 18:19,-322,162,-265.0,-243.0,2,31
163,163,3605,2017-03-18 20:02,-498,461,150.0,291.0,5,93
164,164,2939,2015-04-03 8:17,492,-307,2.0,-403.0,1,48
165,165,2698,2017-01-25 18:35,-413,-44,-429.0,-494.0,5,23
166,166,3126,2015-11-14 2:09,276,-439,-110.0,69.0,4,9
167,167,4664,2015-06-25 15:44,80,-273,85.0,-416.0,-1,8
168,168,3576,2015-04-13 14:47,303,222,465.0,-16.0,1,77
169,169,3417,2015-08-06 0:54,482,-308,-365.0,297.0,1,46
170,170,4795,2017-05-02 8:12,483,132,-401.0,266.0,2,59
171,171,2900,2017-04-10 4:24,146,378,243.0,-158.0,3,85
172,172,2599,2015-05-03 4:51,-369,442,-491.0,49.0,-2,65
173,173,3443,2017-11-07 22:35,-44,240,-197.0,19.0,2,40
174,174,1700,2017-10-06 12:15,-223,-109,64.0,-124.0,0,41
175,175,3766,2015-06-01 13:00,311,-336,-77.0,65.0,2,18
176,176,4986,2016-04-27 1:38,-74,100,97.0,-459.0,5,88
177,177,2503,2016-05-09 8:38,-257,43,-262.0,56.0,5,3
178,178,3411,2017-09-13 1:45,300,71,322.0,-13.0,2,31
179,179,3964,2017-05-06 8:51,-150,-71,-144.0,-214.0,5,59
180,180,1790,2017-10-26 3:38,-18,-256,498.0,498.0,-1,-80
181,181,2028,2016-03-08 7:14,191,-336,-161.0,-484.0,-1,77
182,182,1973,2016-11-08 8:28,-471,-261,-498.0,66.0,2,18
183,183,3266,2016-09-27 19:35,-474,-31,404.0,-250.0,-1,64
184,184,2079,2016-01-03 16:50,400,173,108.0,-77.0,-2,26
185,185,1757,2017-07-06 4:30,163,-129,-143.0,209.0,4,33
186,186,4819,2017-01-01 13:07,-414,275,-417.0,-323.0,4,33
187,187,2627,2015-04-25 2:22,-115,-13,471.0,242.0,1,85
188,188,3309,2015-06-04 7:45,184,-466,5.0,212.0,-1,77
189,189,4568,2015-09-26 4:42,129,-432,314.0,140.0,0,57
190,190,4119,2017-07-25 0:07,306,348,-201.0,-95.0,1,62
191,191,4267,2017-07-02 19:28,-50,-285,-396.0,417.0,4,11
192,192,4543,2017-10-02 11:24,102,360,79.0,-287.0,3,10
193,193,2930,2016-07-11 8:57,13,-355,339.0,-427.0,5,44
194,194,3902,2016-03-25 13:47,219,56,68.0,-142.0,3,61
195,195,3913,2016-09-14 0:52,-301,441,-54.0,-347.0,-2,-70
196,196,2437,2017-03-05 3:35,431,-481,-336.0,139.0,2,40
197,197,2335,2016-10-29 4:19,-100,499,48.0,-98.0,3,74
198,198,3702,2017-07-01 4:22,319,23,214.0,483.0,3,35
199,199,1278,2016-06-11 20:23,31,291,412.0,-448.0,2,14
200,200,1963,2016-10-12 22:42,282,-186,-130.0,-391.0,1,17
201,201,1901,2015-05-17 0:42,24,-42,-273.0,-461.0,3,36
202,202,4148,2016-09-03 2:31,470,267,191.0,373.0,3,59
203,203,1870,2017-07-03 11:13,453,182,-453.0,-288.0,-1,99
204,204,1814,2016-09-13 16:21,-348,-243,-31.0,-196.0,3,35
205,205,2027,2016-05-25 8:06,-500,-333,-82.0,451.0,2,30
206,206,4381,2015-11-13 20:58,243,-239,-99.0,-215.0,5,11
207,207,1748,2015-07-10 4:29,421,-5,-288.0,-233.0,0,24
208,208,4220,2017-01-20 20:00,-277,461,342.0,293.0,5,64
209,209,1179,2016-06-02 17:42,-365,112,18.0,379.0,0,53
210,210,2370,2017-02-22 15:58,-262,-461,-130.0,321.0,5,76
211,211,2727,2016-09-15 0:47,444,95,53.0,-387.0,1,23
212,212,1432,2015-06-05 21:19,-388,47,-327.0,471.0,-1,48
213,213,3967,2016-11-15 10:47,-258,59,-367.0,135.0,-2,56
214,214,4125,2017-09-21 14:29,89,-412,212.0,-413.0,3,69
215,215,1749,2015-08-11 7:51,492,-342,1.0,77.0,3,61
216,216,4531,2015-06-05 14:58,268,140,-99.0,109.0,3,4
217,217,2954,2016-11-15 1:54,-303,-221,-63.0,-35.0,-2,97
218,218,3616,2015-05-25 21:21,156,-295,227.0,166.0,4,64
219,219,3986,2017-02-01 3:50,109,54,-319.0,320.0,2,28
220,220,3389,2016-08-14 5:10,-350,-479,251.0,282.0,1,64
221,221,4989,2015-02-25 5:35,341,382,285.0,-398.0,-2,36
222,222,2536,2016-04-25 17:51,21,-444,443.0,417.0,2,42
223,223,4119,2015-09-01 20:06,37,-46,-196.0,-397.0,0,71
224,224,4014,2017-01-04 3:40,-14,-320,-432.0,-99.0,-2,50
225,225,3764,2016-02-22 11:10,-262,101,267.0,143.0,-1,95
226,226,4050,2017-05-18 19:55,-112,-88,-255.0,458.0,0,97
227,227,1114,2017-01-06 2:19,236,87,-135.0,-170.0,3,34
228,228,3089,2017-03-03 19:45,318,-406,304.0,162.0,-2,45
229,229,4973,2017-10-27 1:57,382,91,184.0,-427.0,2,19
230,230,3741,2017-08-24 19:39,400,-473,438.0,267.0,-1,22
231,231,2493,2015-02-05 21:21,-119,-342,210.0,442.0,3,29
232,232,4968,2017-05-17 7:55,-52,-159,-29.0,85.0,1,46
233,233,1439,2015-09-29 8:07,459,-444,-305.0,-89.0,-1,25
234,234,2518,2016-03-12 13:04,-469,-165,220.0,465.0,1,30
235,235,2502,2015-03-08 2:46,-347,-139,269.0,487.0,-2,58
236,236,1130,2015-04-25 17:08,48,-53,404.0,-191.0,2,45
237,237,3244,2016-02-25 8:48,44,360,-70.0,-202.0,2,85
238,238,1684,2017-09-13 18:48,-284,239,443.0,465.0,4,11
239,239,2054,2017-09-13 6:43,-316,78,-281.0,142.0,1,24
240,240,4392,2017-07-24 5:11,-218,307,-162.0,-81.0,-2,35
241,241,2895,2016-05-03 3:18,-421,-345,-344.0,-8.0,3,44
242,242,3139,2017-07-18 10:26,99,447,453.0,-444.0,1,7
243,243,2559,2016-02-28 3:04,-494,-199,-159.0,274.0,0,50
244,244,1329,2017-11-08 3:07,280,262,113.0,314.0,2,-90
245,245,1142,2016-09-15 5:06,-454,-387,-468.0,-406.0,3,8
246,246,3758,2015-11-03 13:43,40,316,-348.0,-23.0,-1,19
247,247,2947,2015-04-09 16:51,-282,349,-248.0,99.0,2,12
248,248,3081,2015-02-03 5:19,-454,331,-269.0,-439.0,4,98
249,249,2607,2017-06-17 17:33,-101,-130,-206.0,393.0,-1,71
250,250,2633,2015-06-17 18:41,35,372,166.0,38.0,4,-70
251,251,4849,2016-04-28 5:45,-236,331,-115.0,210.0,1,85
252,252,1069,2017-07-27 15:16,211,225,-128.0,141.0,2,35
253,253,4363,2015-06-19 17:45,130,-275,57.0,214.0,-1,17
254,254,3365,2017-07-14 8:34,-250,170,-397.0,-185.0,-1,82
255,255,2826,2016-06-07 3:44,-66,63,-460.0,-337.0,0,18
256,256,1040,2015-10-21 4:43,-355,77,-422.0,-245.0,2,41
257,257,2624,2015-11-02 8:47,26,432,408.0,367.0,2,31
258,258,4266,2015-08-04 8:41,-344,-436,-6.0,482.0,2,-90
259,259,1543,2017-01-20 9:34,-126,-151,-85.0,63.0,0,18
260,260,4816,2015-06-26 22:55,-335,343,206.0,-117.0,4,52
261,261,1275,2015-03-27 13:09,-364,57,446.0,-102.0,2,55
262,262,1946,2017-05-28 6:30,-281,281,-207.0,-27.0,1,39
263,263,1676,2015-04-21 18:30,-324,41,274.0,22.0,4,69
264,264,2128,2016-07-23 13:18,64,-157,-86.0,318.0,4,87
265,265,1397,2017-11-20 11:09,-323,-495,-279.0,174.0,-2,27
266,266,4608,2017-01-18 18:08,-153,404,345.0,-57.0,1,41
267,267,1282,2015-09-25 14:24,7,-13,-498.0,144.0,-1,30
268,268,4016,2017-10-25 11:04,-207,-200,12.0,225.0,4,59
269,269,3255,2015-04-03 12:41,-149,162,474.0,-329.0,-1,75
270,270,2568,2015-03-03 14:20,-32,-64,484.0,-449.0,-2,84
271,271,2452,2016-01-08 12:49,267,336,87.0,-196.0,-1,98
272,272,1531,2015-02-27 1:29,-357,74,-192.0,144.0,-1,61
273,273,4787,2016-04-12 13:13,-352,242,-187.0,330.0,-2,51
274,274,4296,2017-10-25 18:31,132,-487,-17.0,-146.0,2,82
275,275,3321,2016-09-27 12:51,304,-99,-118.0,22.0,1,17
276,276,3524,2017-01-08 18:30,-318,236,365.0,292.0,4,35
277,277,2557,2017-06-07 3:21,-444,-121,219.0,-138.0,2,32
278,278,2925,2017-09-28 17:53,141,-1,-74.0,-485.0,1,67
279,279,2089,2016-06-06 14:33,441,296,-181.0,-103.0,4,54
280,280,2840,2017-11-09 19:05,-158,78,294.0,-150.0,3,30
281,281,2411,2017-02-02 20:29,-360,-225,-121.0,-262.0,0,64
282,282,2142,2016-07-09 19:30,90,307,469.0,-249.0,2,11
283,283,1517,2015-02-08 12:01,-180,-198,95.0,242.0,4,50
284,284,4025,2015-09-22 8:05,-399,-271,-6.0,140.0,2,32
285,285,1204,2015-03-09 14:55,11,122,-477.0,-254.0,0,71
286,286,1779,2017-03-27 17:49,477,-83,139.0,467.0,5,42
287,287,1080,2015-08-11 19:50,-475,-383,318.0,-469.0,3,30
288,288,3766,2015-09-28 13:44,456,316,200.0,-15.0,2,59
289,289,2607,2017-05-17 6:51,166,364,-461.0,-259.0,1,59
290,290,3574,2015-09-07 17:35,69,-438,-234.0,94.0,2,9
291,291,2829,2016-11-18 20:14,-189,407,414.0,-478.0,1,26
292,292,4759,2017-08-12 12:08,-145,227,-72.0,-124.0,-1,41
293,293,4256,2015-04-15 9:01,-403,-206,401.0,191.0,-2,51
294,294,3453,2017-09-03 20:12,-381,326,294.0,-1.0,5,28
295,295,1301,2017-08-11 14:33,-266,17,-480.0,48.0,5,82
296,296,2155,2017-10-06 1:43,-198,170,369.0,-262.0,2,58
297,297,2491,2016-05-17 17:31,441,-285,-135.0,-351.0,0,78
298,298,1391,2016-07-24 1:00,-310,-4,110.0,-375.0,-1,34
299,299,2533,2015-03-29 9:25,148,-120,-334.0,-36.0,0,46
300,300,1785,2017-04-02 10:43,407,51,-61.0,-415.0,0,77
301,301,4346,2016-06-21 19:19,-31,-429,-231.0,105.0,3,46
302,302,3247,2016-08-04 14:10,-108,-412,200.0,436.0,-1,46
303,303,4156,2016-07-25 2:08,-442,-267,-78.0,213.0,0,10
304,304,1778,2017-03-08 12:07,72,-436,411.0,-420.0,5,13
305,305,4736,2015-08-27 6:26,394,-57,351.0,-26.0,2,29
306,306,2848,2015-05-19 16:00,-162,-161,-52.0,-344.0,1,19
307,307,4285,2016-11-27 16:44,285,-38,109.0,28.0,3,-90
308,308,1891,2017-01-21 0:22,360,300,61.0,298.0,1,34
309,309,1301,2016-06-05 14:56,-287,11,411.0,-15.0,1,14
310,310,2761,2017-02-09 3:37,445,245,-459.0,-137.0,5,98
311,311,1859,2015-01-26 9:49,-393,-10,416.0,292.0,4,57
312,312,2326,2016-03-10 7:44,-493,55,39.0,145.0,0,66
313,313,2748,2016-10-18 11:41,201,287,-393.0,342.0,0,59
314,314,1810,2017-06-03 1:28,-388,19,-421.0,408.0,1,22
315,315,4720,2017-05-11 8:24,-176,397,97.0,-41.0,3,52
316,316,2181,2016-07-10 19:26,420,263,307.0,15.0,4,-80
317,317,3019,2016-02-23 5:45,-449,-476,-498.0,-155.0,5,27
318,318,3323,2015-01-16 7:03,-184,56,-82.0,-230.0,0,54
319,319,1114,2016-06-02 3:22,-155,-486,383.0,-347.0,1,35
320,320,2695,2015-09-04 20:09,-341,173,-392.0,97.0,3,50
321,321,1248,2015-03-29 12:26,-84,193,218.0,303.0,3,28
322,322,3014,2015-07-29 22:09,55,-287,-55.0,-42.0,4,81
323,323,4213,2017-04-10 0:14,-380,-252,432.0,387.0,0,-60
324,324,3911,2016-04-22 6:02,40,-325,288.0,142.0,4,75
325,325,1824,2017-10-15 1:53,127,244,19.0,483.0,1,32
326,326,3365,2017-05-15 9:01,473,-470,-235.0,-285.0,0,33
327,327,1137,2016-06-03 9:36,309,294,-64.0,-90.0,3,10
328,328,3446,2017-01-20 8:25,215,-478,71.0,436.0,5,-60
329,329,4019,2016-04-12 18:26,-234,-391,-464.0,-306.0,3,79
330,330,3523,2017-03-19 22:45,-364,-3,-7.0,263.0,3,52
331,331,2341,2016-06-19 2:19,-352,7,110.0,-221.0,3,39
332,332,3926,2015-03-01 21:43,-376,-412,-328.0,-253.0,2,87
333,333,3735,2015-10-03 9:19,81,351,179.0,-351.0,-1,55
334,334,3050,2016-09-28 19:36,36,-13,-376.0,443.0,5,58
335,335,2637,2016-08-02 0:46,483,132,94.0,203.0,2,18
336,336,3225,2015-09-29 4:05,-27,32,-319.0,-192.0,3,79
337,337,2877,2017-02-15 11:58,76,296,181.0,161.0,3,46
338,338,1792,2016-02-20 16:02,454,400,-164.0,-76.0,3,-60
339,339,4786,2016-04-25 20:38,113,-500,235.0,102.0,-2,84
340,340,1926,2017-06-16 16:26,360,-156,456.0,5.0,0,47
341,341,4763,2017-09-08 3:28,-321,433,-490.0,434.0,1,95
342,342,3903,2016-03-29 4:37,-337,378,497.0,-77.0,5,40
343,343,3652,2016-03-25 15:48,404,273,-81.0,30.0,5,77
344,344,2810,2016-08-18 1:50,-136,74,-132.0,-366.0,5,30
345,345,3898,2016-01-16 18:42,174,201,-122.0,-166.0,-2,36
346,346,4111,2016-02-09 21:23,-42,-106,-476.0,217.0,3,39
347,347,3753,2016-02-06 13:33,137,-443,-470.0,-115.0,5,65
348,348,2417,2015-04-28 19:17,72,-4,205.0,-30.0,3,73
349,349,2690,2016-04-28 22:48,-268,-338,28.0,-474.0,-1,34
350,350,2840,2015-06-05 9:54,-305,272,67.0,-411.0,2,12
351,351,4794,2015-11-14 11:14,-429,225,-143.0,167.0,5,37
352,352,1142,2015-11-29 13:05,240,386,-334.0,-329.0,0,82
353,353,2058,2016-03-23 2:46,497,-309,-430.0,-494.0,4,63
354,354,3072,2016-03-16 5:47,20,210,-41.0,-155.0,-1,34
355,355,4380,2016-03-03 10:35,-358,111,489.0,183.0,0,56
356,356,1455,2017-06-11 16:34,41,115,-282.0,119.0,4,21
357,357,4753,2017-08-27 5:30,-268,-20,-117.0,168.0,1,87
358,358,3121,2016-04-25 15:16,-420,31,257.0,-217.0,-2,16
359,359,2856,2015-01-06 21:15,483,234,-207.0,382.0,-2,51
360,360,1548,2015-04-24 20:26,440,-260,407.0,131.0,-1,20
361,361,2156,2015-09-07 15:08,-141,341,376.0,349.0,2,87
362,362,1449,2015-10-15 6:52,-115,458,241.0,-140.0,1,26
363,363,2388,2017-04-15 3:55,183,277,274.0,-204.0,3,48
364,364,4003,2017-05-24 0:20,-148,220,132.0,-476.0,4,46
365,365,2662,2017-02-05 20:16,-115,30,105.0,-248.0,2,84
366,366,4705,2015-02-09 8:25,129,87,-471.0,340.0,4,-80
367,367,2348,2016-01-25 4:20,51,-306,-270.0,-49.0,5,22
368,368,1687,2015-10-14 10:00,-253,495,-74.0,-245.0,3,98
369,369,1523,2015-01-11 14:13,-58,-278,157.0,-407.0,-1,51
370,370,1378,2016-11-10 0:29,-150,178,132.0,-136.0,-1,49
371,371,2551,2016-03-05 0:35,127,-453,-389.0,-198.0,1,59
372,372,1711,2017-04-23 18:14,54,314,174.0,114.0,-2,28
373,373,1001,2016-11-01 4:07,-85,-250,-62.0,324.0,1,18
374,374,1129,2016-10-28 16:29,-269,-131,468.0,298.0,-2,10
375,375,1116,2016-03-15 13:36,199,119,465.0,-289.0,-2,55
376,376,2088,2015-04-14 11:37,-52,-394,206.0,492.0,3,16
377,377,2830,2015-11-05 0:03,-178,-86,-222.0,343.0,1,43
378,378,1826,2017-01-16 1:34,-459,183,98.0,-408.0,5,97
379,379,1638,2015-06-24 13:42,467,-92,-29.0,-429.0,0,75
380,380,1597,2015-03-03 22:31,254,-498,-488.0,-442.0,-1,18
381,381,3385,2015-06-21 3:13,319,-41,-414.0,142.0,4,48
382,382,2296,2017-09-21 2:44,240,205,326.0,-50.0,-1,30
383,383,2343,2017-01-08 18:14,364,440,97.0,150.0,1,50
384,384,4398,2016-09-29 3:46,-302,-297,-139.0,-280.0,5,-90
385,385,2808,2016-08-18 11:17,185,-81,-35.0,-130.0,4,67
386,386,3279,2017-07-21 5:48,-459,409,164.0,-222.0,0,59
387,387,2568,2015-04-21 5:18,-315,-242,-66.0,-121.0,5,-80
388,388,1961,2016-06-21 8:15,22,-226,-247.0,338.0,4,27
389,389,2721,2017-07-07 20:05,339,-339,461.0,382.0,5,68
390,390,3213,2016-02-22 19:21,264,267,194.0,-439.0,-1,39
391,391,4131,2017-08-20 4:10,-169,295,187.0,371.0,4,42
392,392,4889,2015-09-17 1:36,-54,299,169.0,-107.0,3,69
393,393,2740,2015-06-25 16:14,51,417,305.0,68.0,1,-60
394,394,2458,2017-04-01 6:28,484,402,-20.0,414.0,-1,-80
395,395,3519,2017-03-27 17:38,346,343,-362.0,453.0,-2,61
396,396,1132,2015-10-25 22:32,-474,413,-354.0,-222.0,0,55
397,397,4699,2016-04-15 10:35,67,-437,-391.0,343.0,1,-60
398,398,1292,2017-09-01 14:24,293,-359,173.0,21.0,3,67
399,399,4949,2015-04-23 7:18,22,334,-297.0,327.0,0,23
400,400,3719,2015-07-22 4:45,-383,16,-26.0,175.0,-1,71
401,401,2969,2015-04-24 1:43,-33,-326,253.0,151.0,-2,29
402,402,1333,2016-05-12 8:29,382,246,232.0,-33.0,0,63
403,403,1559,2015-05-02 4:32,354,445,-399.0,-81.0,2,75
404,404,1809,2015-05-19 6:53,-321,-387,-123.0,-133.0,-2,64
405,405,3054,2015-07-05 10:03,-155,166,211.0,285.0,2,56
406,406,1789,2016-02-05 4:09,-136,-461,286.0,253.0,3,35
407,407,3014,2015-11-04 5:36,-176,342,434.0,-204.0,3,44
408,408,4764,2015-04-21 14:41,428,-350,-138.0,176.0,3,62
409,409,1878,2015-05-26 14:53,-112,-17,-5.0,-196.0,0,35
410,410,3131,2015-08-23 1:41,380,-419,-25.0,-12.0,-2,36
411,411,4131,2015-09-18 12:51,483,478,294.0,177.0,0,85
412,412,1118,2016-10-10 21:35,316,166,-463.0,-498.0,-2,30
413,413,4059,2017-09-01 4:44,-338,-274,156.0,-52.0,2,22
414,414,1494,2016-04-01 11:48,-125,-51,482.0,187.0,1,84
415,415,4107,2015-07-08 1:22,283,-466,-49.0,417.0,3,30
416,416,1136,2017-02-02 10:37,469,427,7.0,409.0,2,57
417,417,2838,2015-08-14 12:39,63,337,170.0,139.0,1,31
418,418,4261,2016-06-02 16:38,225,496,143.0,-280.0,1,54
419,419,4497,2015-09-16 1:03,-490,-277,-474.0,189.0,1,29
420,420,2642,2015-04-26 4:53,492,-408,118.0,475.0,0,39
421,421,3339,2017-10-28 11:19,-446,-151,-55.0,-33.0,-2,21
422,422,2359,2015-02-19 19:28,219,223,-117.0,118.0,0,35
423,423,3747,2016-01-04 5:30,-203,377,-404.0,105.0,3,-60
424,424,4537,2016-07-08 0:48,258,-432,403.0,89.0,5,68
425,425,4709,2016-10-26 5:51,30,-287,-374.0,-419.0,-1,75
426,426,2381,2015-09-09 20:33,-362,-404,-20.0,-430.0,3,18
427,427,2815,2015-01-12 5:48,221,154,-33.0,-470.0,5,37
428,428,1304,2016-06-20 10:46,279,476,-170.0,-48.0,-2,40
429,429,2255,2017-07-10 9:20,394,-494,193.0,418.0,4,27
430,430,1430,2015-09-06 22:07,-451,-467,157.0,75.0,-1,64
431,431,1331,2015-09-12 14:08,-405,-436,-478.0,-173.0,4,27
432,432,3453,2016-07-11 19:55,403,-381,-225.0,268.0,3,40
433,433,2774,2016-07-17 22:15,-500,-470,-220.0,-144.0,0,48
434,434,2691,2016-10-10 0:22,490,-131,93.0,484.0,-1,23
435,435,4964,2016-02-25 14:24,-18,472,406.0,282.0,2,84
436,436,1089,2016-09-21 20:43,-149,81,-267.0,371.0,1,67
437,437,1529,2016-10-15 6:28,163,462,431.0,132.0,1,50
438,438,1531,2016-07-11 8:07,-389,-375,242.0,78.0,0,36
439,439,1506,2016-03-17 15:48,182,-48,9.0,51.0,-2,46
440,440,1267,2016-02-04 10:29,279,425,-81.0,-330.0,-2,3
441,441,4700,2016-08-10 11:01,-27,228,194.0,294.0,-2,58
442,442,2614,2017-04-17 13:31,-106,332,-334.0,249.0,-1,66
443,443,3372,2016-06-24 16:07,161,-454,168.0,-194.0,0,53
444,444,4424,2015-05-09 1:36,264,172,-180.0,-2.0,4,54
445,445,3855,2015-09-29 22:29,-349,498,-77.0,-125.0,5,57
446,446,1364,2016-02-11 6:31,364,445,-258.0,382.0,4,51
447,447,2284,2016-10-15 20:45,493,-327,156.0,-19.0,3,27
448,448,4672,2015-05-20 18:38,280,-375,-181.0,-468.0,0,51
449,449,2952,2016-01-19 4:33,84,184,231.0,333.0,1,76
450,450,2542,2016-10-27 7:08,83,-374,465.0,255.0,-1,9
451,451,3343,2015-02-19 4:13,-193,226,-415.0,-151.0,-1,76
452,452,2740,2016-11-06 21:55,483,-159,-482.0,18.0,2,-100
453,453,4536,2017-03-06 17:43,59,-445,132.0,50.0,0,16
454,454,2104,2016-08-16 21:39,-435,-406,485.0,-54.0,4,-90
455,455,4049,2017-05-04 1:22,-173,184,-63.0,-432.0,-1,44
456,456,4792,2017-09-18 0:56,367,107,-211.0,-37.0,0,23
457,457,3684,2017-01-10 12:24,440,208,-418.0,339.0,4,86
458,458,3549,2017-02-13 10:40,182,415,77.0,-113.0,1,44
459,459,3706,2015-07-23 5:24,-262,347,-248.0,-293.0,5,12
460,460,4219,2017-03-05 12:16,-61,65,-409.0,209.0,-2,37
461,461,3667,2015-08-08 18:56,446,-263,358.0,-268.0,5,49
462,462,4367,2017-08-02 19:08,198,-171,144.0,-63.0,1,64
463,463,1909,2017-05-05 20:32,-64,-458,-264.0,421.0,3,83
464,464,4461,2017-05-12 2:50,-192,-132,259.0,332.0,-1,59
465,465,1470,2016-07-23 20:56,344,153,221.0,-323.0,5,34
466,466,4299,2017-02-15 16:48,299,206,-165.0,-500.0,0,58
467,467,2103,2017-10-02 7:31,-170,10,-337.0,-261.0,-1,53
468,468,1161,2017-09-15 17:05,372,-500,-303.0,-81.0,2,36
469,469,1732,2015-11-01 20:24,-493,184,124.0,464.0,-2,69
470,470,1880,2017-05-13 15:57,87,-111,-140.0,-125.0,4,75
471,471,3258,2015-09-03 17:42,429,109,-488.0,-347.0,-1,76
472,472,1272,2015-01-11 13:17,-490,155,-246.0,-354.0,2,88
473,473,1001,2017-04-21 4:25,-477,-226,-95.0,187.0,3,14
474,474,1732,2015-07-29 3:39,307,442,209.0,-174.0,3,33
475,475,2176,2017-01-26 5:55,-303,-183,-325.0,-28.0,-2,48
476,476,3656,2016-08-26 10:14,-432,-222,484.0,-363.0,0,73
477,477,1580,2015-04-26 1:51,-454,-288,-359.0,166.0,3,51
478,478,2604,2015-08-02 20:38,8,-353,-80.0,-88.0,5,55
479,479,3470,2017-07-23 22:11,-480,413,-212.0,263.0,5,82
480,480,1485,2016-10-20 13:19,339,-77,-332.0,-227.0,1,85
481,481,3323,2016-02-16 1:55,-203,371,-220.0,-105.0,-2,52
482,482,4160,2017-01-09 3:58,-350,188,-447.0,316.0,2,57
483,483,4733,2017-09-17 15:07,388,359,-183.0,209.0,3,21
484,484,1356,2017-09-09 8:28,-399,-431,-432.0,182.0,0,33
485,485,1550,2016-11-01 18:14,-334,-387,267.0,-328.0,-2,66
486,486,1471,2017-07-11 19:07,308,261,207.0,124.0,-2,23
487,487,2579,2016-04-09 1:18,-399,-2,-57.0,459.0,-2,36
488,488,1221,2015-04-02 7:19,403,412,-250.0,21.0,0,36
489,489,2759,2017-10-24 13:10,-490,166,12.0,107.0,-2,67
490,490,2829,2016-01-22 19:57,-417,-208,446.0,63.0,2,82
491,491,2026,2016-05-04 2:26,89,-441,-300.0,323.0,-2,17
492,492,3448,2016-07-04 20:53,482,-493,-302.0,130.0,4,23
493,493,4201,2015-04-04 5:20,398,116,-281.0,-299.0,4,26
494,494,1870,2016-10-29 22:11,194,133,-18.0,333.0,-2,11
495,495,2537,2015-09-05 0:08,15,336,195.0,-266.0,5,38
496,496,2000,2015-07-05 14:33,77,287,-30.0,-344.0,4,67
497,497,4601,2015-02-03 15:35,376,265,-68.0,-179.0,-1,58
498,498,4628,2015-09-20 6:37,-229,-426,-472.0,-3.0,-2,71
499,499,3817,2015-05-05 18:57,399,-149,-483.0,-38.0,0,63
500,500,4945,2016-05-20 20:32,233,-285,-230.0,-372.0,1,71
501,501,4093,2016-04-10 10:32,11,-142,-163.0,-269.0,-1,33
502,502,1270,2016-07-10 1:25,-176,-304,-209.0,-63.0,5,66
503,503,2745,2015-02-26 11:27,-339,-103,-35.0,367.0,3,66
504,504,2149,2017-04-17 11:03,-30,315,-220.0,-286.0,4,50
505,505,4298,2015-05-22 17:40,415,227,-120.0,16.0,-1,66
506,506,3112,2015-05-25 18:53,-101,-284,-176.0,442.0,0,42
507,507,4668,2015-03-22 20:37,-498,9,-179.0,-111.0,-1,62
508,508,4021,2017-10-23 10:30,-375,444,138.0,-119.0,0,34
509,509,3488,2016-10-21 8:06,64,-407,434.0,395.0,-2,16
510,510,2590,2016-02-07 18:53,124,-170,-371.0,6.0,3,38
511,511,2831,2016-05-17 1:11,412,-275,-474.0,-251.0,-1,91
512,512,4611,2016-03-11 20:45,-27,-183,-247.0,-29.0,-2,54
513,513,1504,2017-09-11 14:04,-63,107,-298.0,-459.0,0,94
514,514,2246,2017-09-29 12:33,65,-342,-398.0,429.0,5,62
515,515,2840,2015-10-09 20:16,-23,49,148.0,54.0,2,95
516,516,1920,2017-10-18 10:55,-123,-44,310.0,-447.0,4,38
517,517,2359,2016-01-12 0:34,-136,-62,83.0,233.0,4,77
518,518,3258,2016-08-20 3:14,-48,339,-155.0,-54.0,0,57
519,519,2965,2015-05-02 5:56,-97,-229,431.0,254.0,1,88
520,520,2928,2015-06-02 17:22,264,355,80.0,357.0,0,99
521,521,4883,2017-09-13 8:53,-63,248,222.0,19.0,5,20
522,522,1409,2016-02-23 9:06,18,-212,437.0,-9.0,-2,47
523,523,1825,2016-03-20 11:36,-318,-113,-140.0,341.0,4,63
524,524,2845,2015-10-10 18:51,44,-136,-89.0,305.0,0,75
525,525,4695,2016-03-06 14:07,-55,37,378.0,93.0,3,49
526,526,2201,2015-08-08 8:43,155,-297,-274.0,241.0,2,34
527,527,2862,2016-06-04 8:31,-429,170,-153.0,323.0,-2,25
528,528,4432,2015-09-22 2:43,210,156,-479.0,78.0,-2,33
529,529,4737,2015-02-17 17:07,402,480,-49.0,389.0,0,68
530,530,2403,2015-07-19 15:16,-184,-355,131.0,-105.0,2,56
531,531,3640,2015-01-16 6:30,-496,271,-237.0,-66.0,0,58
532,532,1215,2015-06-20 11:02,242,402,130.0,-387.0,5,-70
533,533,3686,2017-02-22 6:18,91,487,-370.0,224.0,0,56
534,534,1169,2016-03-25 16:03,55,255,-121.0,399.0,-2,66
535,535,3390,2016-03-18 10:34,-111,445,58.0,-324.0,2,88
536,536,4309,2017-02-12 4:48,489,406,-21.0,245.0,1,42
537,537,4380,2015-10-24 1:13,-319,400,158.0,-158.0,2,14
538,538,2000,2016-02-11 4:34,-181,-318,-188.0,290.0,0,63
539,539,4336,2017-03-15 14:48,-453,223,-17.0,422.0,1,40
540,540,2488,2016-04-24 8:02,-303,116,-349.0,246.0,0,56
541,541,3914,2016-07-11 8:40,-297,178,343.0,-468.0,5,55
542,542,4955,2016-01-06 18:10,245,450,-219.0,147.0,1,63
543,543,1941,2015-05-26 20:27,487,-258,-35.0,144.0,1,82
544,544,1161,2017-01-21 22:45,-167,-92,99.0,-87.0,-2,53
545,545,3968,2017-09-20 7:52,-297,-234,-70.0,-186.0,3,77
546,546,4849,2015-09-14 21:00,17,-149,10.0,293.0,3,45
547,547,1581,2016-03-10 2:42,-275,-172,-98.0,-141.0,-2,98
548,548,2750,2016-06-01 18:09,-4,-142,349.0,12.0,1,84
549,549,3422,2016-11-07 19:11,-101,-27,412.0,227.0,2,77
550,550,1795,2017-06-18 0:10,-90,361,271.0,431.0,2,1
551,551,3521,2017-08-10 11:39,440,381,-63.0,128.0,3,87
552,552,3043,2016-06-21 16:57,-291,-149,-329.0,291.0,4,32
553,553,2193,2016-02-05 14:45,28,-121,-120.0,-419.0,3,72
554,554,1712,2017-05-20 11:18,-232,124,207.0,-339.0,5,67
555,555,3471,2015-03-27 3:41,427,-158,170.0,390.0,1,32
556,556,3589,2015-11-08 15:53,28,-70,-102.0,111.0,5,59
557,557,1880,2015-02-07 16:00,404,-13,-20.0,-404.0,2,39
558,558,3518,2015-11-15 18:05,352,-416,-36.0,401.0,-2,51
559,559,3660,2016-09-22 11:09,-431,150,10.0,-208.0,-2,45
560,560,4172,2015-11-24 8:32,270,-171,211.0,83.0,-1,33
561,561,3369,2017-10-24 7:54,388,-218,-481.0,-258.0,1,78
562,562,3417,2017-05-19 3:33,332,-327,-326.0,392.0,-2,35
563,563,1224,2017-11-22 15:26,-209,-76,406.0,275.0,5,59
564,564,2234,2016-03-19 13:28,302,-78,384.0,-450.0,1,46
565,565,4933,2017-02-24 19:32,386,12,75.0,205.0,5,44
566,566,2159,2016-11-25 19:43,4,-85,-434.0,260.0,1,44
567,567,1786,2016-02-14 22:21,271,-5,-196.0,472.0,3,59
568,568,1036,2015-10-10 3:34,-33,-196,-269.0,-172.0,1,-70
569,569,1540,2017-01-13 9:27,302,225,-253.0,-255.0,-2,77
570,570,2390,2015-04-19 21:09,-326,-383,468.0,-479.0,5,31
571,571,3896,2015-03-08 5:30,139,288,-156.0,-15.0,2,47
572,572,4023,2015-04-22 6:11,402,333,402.0,240.0,5,37
573,573,2387,2016-10-04 0:35,-433,-154,-341.0,-453.0,2,56
574,574,1067,2015-10-19 11:54,411,-214,-211.0,-35.0,0,11
575,575,1165,2016-02-27 4:44,382,-301,-316.0,-295.0,-2,13
576,576,3277,2015-01-14 16:40,286,-158,-370.0,-70.0,0,45
577,577,1801,2015-09-18 20:54,119,150,451.0,437.0,2,16
578,578,3584,2015-11-11 0:57,-497,89,162.0,114.0,4,37
579,579,3519,2015-11-16 9:07,-483,-56,192.0,4.0,3,36
580,580,4612,2016-08-22 0:39,-295,343,-356.0,154.0,3,62
581,581,2536,2016-05-16 9:41,293,309,-430.0,80.0,5,22
582,582,1064,2016-05-07 2:10,331,-26,-111.0,-4.0,5,45
583,583,4414,2016-02-23 8:02,458,-233,-355.0,300.0,5,43
584,584,4691,2017-06-06 0:33,-396,337,123.0,266.0,-1,73
585,585,2296,2016-01-29 14:20,375,252,331.0,229.0,3,28
586,586,2110,2017-05-28 17:29,-159,118,119.0,-290.0,0,51
587,587,2444,2017-06-16 22:42,103,222,-347.0,-144.0,2,50
588,588,2877,2015-03-06 17:17,129,401,-41.0,287.0,1,61
589,589,4860,2015-07-02 11:37,421,-59,400.0,-114.0,5,22
590,590,1602,2016-02-22 20:46,-391,-133,236.0,381.0,2,17
591,591,2565,2017-05-29 16:02,-162,-421,234.0,219.0,-2,39
592,592,2840,2017-02-14 20:31,474,-244,65.0,374.0,5,17
593,593,1143,2017-11-11 22:19,-489,21,-361.0,-180.0,1,30
594,594,4556,2015-08-27 15:25,-309,-441,-293.0,-109.0,5,12
595,595,4771,2015-08-13 17:34,150,181,170.0,-285.0,5,55
596,596,2953,2017-05-09 14:18,-225,-318,-149.0,-471.0,2,87
597,597,4833,2016-04-06 10:41,367,251,67.0,-165.0,-1,40
598,598,1125,2015-04-25 3:46,341,302,-251.0,407.0,0,58
599,599,4617,2016-08-29 16:34,316,-201,-422.0,-147.0,5,20
600,600,1537,2016-08-14 0:35,172,-203,92.0,150.0,4,45
601,601,3124,2015-04-09 14:55,203,160,282.0,-26.0,5,31
602,602,4879,2016-11-29 6:53,-459,-374,-370.0,95.0,1,43
603,603,2517,2015-03-16 6:06,-356,216,-16.0,-492.0,3,13
604,604,1061,2015-11-21 22:27,262,238,-423.0,-461.0,-2,19
605,605,4097,2015-06-04 19:08,167,30,434.0,-8.0,4,50
606,606,3990,2016-07-20 7:13,246,475,270.0,-412.0,1,14
607,607,4734,2015-01-05 9:26,-498,-283,-336.0,-124.0,4,39
608,608,2909,2016-07-27 20:30,344,-395,151.0,355.0,1,84
609,609,2627,2015-05-19 2:00,417,48,-449.0,-250.0,-2,82
610,610,4147,2017-11-11 17:28,-448,-63,370.0,-498.0,0,56
611,611,1492,2015-10-22 1:17,488,46,152.0,477.0,3,32
612,612,3497,2015-07-16 15:55,207,-248,-193.0,-141.0,-1,62
613,613,1425,2016-08-26 4:10,381,26,474.0,-41.0,-1,45
614,614,1962,2016-01-06 0:50,392,-330,-358.0,-279.0,5,32
615,615,3891,2015-01-15 10:53,84,198,-69.0,-242.0,0,88
616,616,3301,2015-03-22 5:48,-168,-182,95.0,131.0,1,55
617,617,4365,2017-07-23 2:55,144,-274,22.0,125.0,5,62
618,618,3065,2016-03-25 20:33,457,-487,-284.0,408.0,-2,4
619,619,4072,2015-06-15 19:14,182,-450,-392.0,-467.0,2,-80
620,620,4387,2017-11-29 15:39,-317,-96,428.0,4.0,5,31
621,621,3537,2015-07-16 16:10,-338,-486,-269.0,11.0,1,38
622,622,3402,2015-07-03 19:21,-21,242,-59.0,433.0,-1,56
623,623,1441,2015-04-03 17:39,62,-37,-300.0,-23.0,3,4
624,624,4305,2015-08-10 10:06,-283,462,-32.0,-42.0,0,74
625,625,2973,2015-08-13 8:10,-257,408,265.0,414.0,-1,91
626,626,3680,2016-09-18 13:52,16,-231,-15.0,314.0,2,98
627,627,3709,2015-03-10 11:49,-259,-111,295.0,484.0,1,83
628,628,1544,2015-05-26 19:25,-13,-293,-447.0,-244.0,3,42
629,629,2606,2016-01-21 5:54,462,-141,416.0,114.0,0,19
630,630,3074,2016-10-01 6:29,-361,150,-345.0,-446.0,-1,69
631,631,3476,2015-04-27 8:51,93,251,-497.0,206.0,5,73
632,632,2624,2015-08-09 22:11,-454,239,447.0,-313.0,-1,97
633,633,4418,2015-08-26 11:53,-137,-472,95.0,495.0,1,76
634,634,2852,2016-10-12 2:55,35,-313,-456.0,-256.0,-1,72
635,635,3491,2017-08-18 12:13,448,423,17.0,-208.0,4,41
636,636,4375,2016-07-25 12:34,262,-314,59.0,191.0,0,-80
637,637,4157,2015-04-04 7:45,448,-193,-316.0,19.0,2,27
638,638,3711,2017-09-23 9:51,-310,318,-243.0,-328.0,0,30
639,639,1320,2017-05-13 20:49,82,-75,233.0,-144.0,5,81
640,640,1046,2016-07-26 13:11,37,-297,-79.0,405.0,4,65
641,641,2253,2015-11-26 14:41,-473,-410,444.0,57.0,3,87
642,642,1176,2016-09-28 4:47,438,-417,-413.0,-354.0,-1,77
643,643,2676,2015-05-28 7:15,174,486,28.0,83.0,0,71
644,644,1712,2017-02-16 10:04,362,-380,-408.0,-36.0,-2,29
645,645,4457,2016-10-23 9:15,-364,-23,-157.0,-124.0,-2,44
646,646,1856,2017-06-01 9:01,461,371,34.0,366.0,3,38
647,647,4383,2016-02-27 0:28,-307,-184,-465.0,-149.0,-2,86
648,648,2697,2015-05-13 3:11,-121,-276,-287.0,-343.0,0,85
649,649,2070,2015-04-29 16:38,-237,-483,142.0,203.0,-1,16
650,650,2125,2017-01-24 0:33,-44,214,245.0,253.0,0,38
651,651,2189,2016-09-15 14:13,268,124,-273.0,148.0,-1,-100
652,652,1031,2016-07-18 2:27,-496,-443,397.0,57.0,5,50
653,653,2650,2017-06-22 2:58,481,-163,442.0,-145.0,-2,22
654,654,3925,2017-08-06 1:28,6,395,-170.0,-349.0,0,88
655,655,3950,2015-04-04 16:23,328,-389,172.0,-315.0,3,-60
656,656,4168,2017-02-19 6:52,-240,-315,260.0,219.0,1,-90
657,657,2992,2015-11-09 11:53,266,289,20.0,10.0,-1,62
658,658,2412,2017-03-04 14:15,148,18,1.0,-87.0,4,43
659,659,3704,2017-06-07 12:51,432,-266,-414.0,-266.0,2,71
660,660,4328,2017-10-16 21:35,161,-429,210.0,465.0,5,94
661,661,3971,2016-07-29 21:57,-112,-455,328.0,-389.0,1,39
662,662,2159,2017-06-02 11:03,-470,311,-186.0,290.0,0,43
663,663,3629,2017-07-12 5:31,-69,111,-176.0,-358.0,-2,45
664,664,1383,2015-02-25 3:06,90,-205,162.0,275.0,2,40
665,665,1943,2015-05-20 20:33,52,178,-319.0,-442.0,-2,36
666,666,2905,2015-04-14 3:45,-423,-390,-271.0,7.0,5,85
667,667,4736,2017-11-28 5:41,275,-132,22.0,469.0,0,64
668,668,3928,2017-07-29 10:43,-121,61,419.0,92.0,1,92
669,669,2810,2015-06-12 1:24,232,-24,116.0,-340.0,1,68
670,670,4563,2015-11-13 0:19,-327,-142,-403.0,412.0,5,93
671,671,4682,2017-11-03 1:39,-241,331,-132.0,-386.0,2,61
672,672,1406,2017-03-19 13:20,-440,-483,-498.0,86.0,1,22
673,673,4887,2016-09-21 12:29,421,-32,350.0,-235.0,-2,71
674,674,2747,2016-01-07 10:49,-22,303,154.0,129.0,-2,27
675,675,4941,2016-05-16 6:52,203,112,-247.0,-174.0,3,59
676,676,3635,2015-07-28 12:13,458,-456,427.0,-98.0,0,17
677,677,3518,2015-09-17 20:49,-309,-431,351.0,201.0,-2,54
678,678,1145,2016-04-17 2:03,-377,95,329.0,177.0,4,42
679,679,4443,2016-11-11 22:11,366,7,268.0,-500.0,0,53
680,680,2720,2016-09-19 12:43,205,-79,311.0,-344.0,-1,38
681,681,1030,2015-06-25 5:28,-437,-403,-104.0,116.0,4,3
682,682,2640,2015-10-03 5:16,-246,38,-482.0,470.0,1,76
683,683,3594,2017-07-10 17:17,-218,237,-460.0,-335.0,5,76
684,684,2384,2017-01-21 7:45,-76,380,110.0,-226.0,3,85
685,685,4424,2016-01-26 0:51,-159,157,217.0,-190.0,-2,11
686,686,1401,2016-11-29 20:26,237,453,-425.0,232.0,2,12
687,687,4805,2015-11-03 3:22,223,-390,190.0,-80.0,3,31
688,688,4178,2015-05-06 18:31,47,351,-104.0,-62.0,-2,81
689,689,1837,2015-04-26 13:23,-186,-422,33.0,356.0,2,63
690,690,3846,2015-08-15 2:45,474,451,298.0,430.0,-2,95
691,691,4744,2017-03-04 17:11,-253,88,495.0,-471.0,5,34
692,692,3154,2015-02-01 11:27,328,-265,194.0,-154.0,2,36
693,693,2322,2015-01-13 6:17,422,15,-364.0,16.0,-2,37
694,694,3468,2016-02-21 3:47,-496,472,265.0,144.0,4,24
695,695,1582,2017-06-04 13:58,-442,97,277.0,269.0,2,9
696,696,4173,2017-02-01 16:18,-225,-51,-157.0,399.0,-2,59
697,697,3526,2016-06-13 11:20,-386,-180,333.0,-216.0,3,18
698,698,3521,2016-08-10 16:05,61,58,17.0,123.0,4,35
699,699,1886,2017-03-02 11:44,275,-29,-467.0,353.0,-1,12
700,700,3893,2017-02-22 4:57,78,-21,-491.0,-403.0,-1,84
701,701,4762,2017-06-01 7:53,143,-333,485.0,-369.0,3,17
702,702,1345,2015-04-28 4:43,99,-109,66.0,42.0,-2,10
703,703,1340,2015-02-22 8:23,154,483,59.0,-116.0,3,29
704,704,4559,2017-08-25 6:11,-30,-56,104.0,381.0,3,68
705,705,4252,2017-08-16 0:54,-175,81,-205.0,-52.0,0,73
706,706,3963,2017-06-08 18:43,-24,-14,-130.0,-65.0,5,52
707,707,1690,2015-01-02 17:43,-356,-400,387.0,77.0,-2,63
708,708,1377,2016-02-06 7:36,239,-271,342.0,496.0,1,53
709,709,3711,2015-05-02 0:54,-482,-208,-114.0,23.0,-1,28
710,710,1016,2015-09-24 15:08,-343,-18,-16.0,-373.0,5,19
711,711,2984,2015-09-10 11:00,153,-457,419.0,-499.0,3,49
712,712,3641,2015-10-13 11:51,-335,307,-374.0,-122.0,5,44
713,713,2119,2015-04-23 11:24,92,-420,-200.0,-164.0,-1,40
714,714,2433,2015-05-11 22:26,90,-351,30.0,104.0,-2,34
715,715,3406,2017-11-16 17:35,5,453,-192.0,-384.0,1,35
716,716,4761,2017-10-05 1:14,456,-128,226.0,446.0,0,79
717,717,2296,2015-02-09 8:08,289,412,-324.0,232.0,3,81
718,718,1657,2015-03-19 7:37,-32,-359,82.0,388.0,2,64
719,719,1579,2015-07-25 6:32,-185,-99,-127.0,-304.0,-2,72
720,720,4681,2015-04-19 22:22,-483,-268,184.0,35.0,0,39
721,721,2604,2015-08-21 2:22,296,-328,-291.0,-205.0,4,88
722,722,2602,2016-06-25 4:33,-91,-276,-205.0,-494.0,-2,65
723,723,3557,2017-01-23 12:49,-469,-323,-404.0,301.0,-2,27
724,724,3936,2016-10-06 21:19,-408,58,390.0,79.0,-2,45
725,725,1837,2016-04-29 15:05,-236,442,121.0,499.0,1,17
726,726,1584,2016-02-07 9:46,101,85,-398.0,198.0,4,69
727,727,4312,2017-09-21 17:31,160,173,-42.0,256.0,1,61
728,728,3079,2017-10-15 6:41,498,-70,200.0,-221.0,1,82
729,729,1533,2015-01-26 10:54,104,61,-27.0,-330.0,1,72
730,730,2699,2017-03-20 22:16,311,-235,351.0,477.0,1,23
731,731,3233,2017-04-01 17:36,-246,-313,111.0,-308.0,5,2
732,732,1795,2016-02-18 15:57,268,117,36.0,-271.0,2,72
733,733,1492,2016-05-16 6:23,-455,438,89.0,-175.0,3,98
734,734,4122,2017-03-27 9:07,-26,-421,-11.0,229.0,4,38
735,735,3608,2017-06-18 12:09,-480,-389,-77.0,111.0,0,12
736,736,1138,2017-06-16 13:13,141,482,257.0,-277.0,-2,66
737,737,2252,2015-06-29 14:01,496,-223,-91.0,90.0,-1,75
738,738,3971,2016-05-08 19:03,-180,-358,-295.0,-173.0,5,37
739,739,3791,2015-02-26 1:56,463,142,-321.0,273.0,-2,24
740,740,3163,2017-04-20 20:01,377,178,343.0,27.0,0,85
741,741,3882,2016-01-04 10:03,-189,-292,386.0,-80.0,-1,20
742,742,4822,2016-09-18 14:43,-249,-160,-405.0,-438.0,-2,75
743,743,1350,2016-05-05 0:27,176,-251,-340.0,212.0,2,43
744,744,1158,2015-11-06 1:21,233,-264,-452.0,477.0,4,20
745,745,1750,2015-09-26 5:44,193,-149,365.0,339.0,-2,31
746,746,2207,2015-05-18 11:14,-457,-7,-294.0,478.0,4,85
747,747,2396,2015-06-21 22:29,59,-322,-395.0,353.0,-1,57
748,748,3612,2017-02-01 20:56,460,404,284.0,-120.0,0,88
749,749,3326,2016-01-12 0:29,-88,53,-234.0,55.0,2,82
750,750,2056,2015-11-04 22:16,-408,205,-21.0,253.0,5,26
751,751,1535,2015-04-11 21:41,218,-380,-400.0,-194.0,0,3
752,752,2859,2017-08-06 11:53,231,339,84.0,-301.0,3,79
753,753,2179,2017-10-17 11:47,336,418,276.0,-371.0,4,36
754,754,2141,2016-07-19 1:20,-148,285,346.0,-438.0,0,75
755,755,1968,2016-05-10 20:52,55,311,178.0,27.0,3,54
756,756,4513,2016-08-04 1:13,225,447,-476.0,-343.0,2,24
757,757,3181,2015-06-20 22:37,-477,-118,259.0,-290.0,0,21
758,758,1869,2017-08-25 11:55,-34,163,254.0,183.0,2,40
759,759,2137,2016-05-23 4:11,370,10,267.0,-310.0,2,57
760,760,1594,2016-01-24 12:11,-488,206,-247.0,319.0,1,81
761,761,4582,2015-05-23 3:03,-413,463,211.0,-496.0,-1,27
762,762,1169,2017-01-08 13:02,285,132,412.0,-2.0,3,85
763,763,1455,2016-01-03 21:47,135,-280,82.0,-500.0,-1,22
764,764,3910,2016-11-01 14:34,284,59,-134.0,459.0,5,31
765,765,2777,2015-08-10 21:20,-323,242,156.0,347.0,5,36
766,766,3671,2015-02-06 8:55,-466,458,400.0,-127.0,-2,66
767,767,3777,2016-05-06 22:37,-231,-194,-212.0,29.0,0,50
768,768,2849,2016-08-06 7:18,227,-242,400.0,315.0,5,50
769,769,2161,2015-01-26 19:34,353,-324,46.0,46.0,0,30
770,770,1626,2016-04-06 1:43,-191,99,17.0,269.0,3,6
771,771,2990,2015-02-09 6:37,-235,375,-7.0,373.0,0,74
772,772,4131,2015-11-09 13:56,-281,-210,311.0,198.0,1,74
773,773,3759,2015-11-20 15:30,379,-273,176.0,-310.0,0,77
774,774,1122,2015-07-02 14:20,-220,-159,-86.0,-172.0,2,75
775,775,4688,2017-04-21 0:45,444,-136,-427.0,77.0,5,91
776,776,1004,2017-07-26 18:36,-73,-476,355.0,-26.0,5,48
777,777,1173,2017-11-28 6:53,29,-214,281.0,398.0,1,68
778,778,3141,2015-01-08 5:45,258,-383,-70.0,-103.0,3,14
779,779,3845,2017-03-24 3:29,-435,492,385.0,137.0,1,56
780,780,1398,2015-02-14 1:15,170,-251,-339.0,387.0,1,53
781,781,4641,2017-05-18 14:24,281,56,374.0,-143.0,-2,64
782,782,3752,2016-01-12 7:26,484,-441,-203.0,367.0,0,39
783,783,1292,2017-08-19 16:16,-453,-428,465.0,211.0,3,92
784,784,4735,2015-11-05 20:15,-484,438,266.0,-294.0,1,17
785,785,4468,2015-03-06 2:46,-291,-350,181.0,-292.0,5,57
786,786,3716,2016-05-22 4:29,38,225,335.0,-452.0,3,42
787,787,2747,2015-03-20 2:43,415,407,335.0,-279.0,-1,48
788,788,3277,2015-11-18 4:52,-188,94,468.0,441.0,-2,36
789,789,1965,2015-11-04 11:54,140,195,-425.0,-43.0,3,64
790,790,2768,2017-02-26 20:04,290,-269,137.0,456.0,1,86
791,791,1795,2017-10-19 5:53,-35,431,499.0,124.0,0,78
792,792,3230,2016-06-16 15:12,322,-98,-256.0,135.0,2,67
793,793,2819,2016-02-27 1:04,435,-164,-289.0,154.0,1,7
794,794,4934,2015-10-04 22:57,410,183,205.0,397.0,1,45
795,795,2244,2016-04-11 20:52,-229,172,-146.0,63.0,-2,71
796,796,1667,2016-09-18 15:00,-351,-286,-140.0,-174.0,3,45
797,797,4840,2017-05-04 5:09,371,67,23.0,451.0,4,15
798,798,2558,2017-09-02 7:13,447,430,421.0,-71.0,5,18
799,799,2817,2017-11-09 2:33,-173,-134,429.0,414.0,1,43
800,800,2223,2017-04-24 20:52,-7,-331,472.0,-443.0,0,50
801,801,1693,2015-07-08 6:40,198,451,312.0,-377.0,4,36
802,802,3397,2016-02-23 12:36,320,-206,16.0,70.0,3,54
803,803,4710,2015-10-27 20:30,168,381,101.0,39.0,0,38
804,804,3655,2016-05-02 14:52,313,-470,85.0,-253.0,4,79
805,805,3422,2017-03-19 11:07,-36,-8,-421.0,-29.0,5,16
806,806,2947,2017-08-11 2:28,24,428,286.0,-40.0,0,66
807,807,3483,2015-02-11 2:21,171,-349,-322.0,154.0,4,25
808,808,1052,2016-08-21 6:57,257,490,271.0,222.0,-2,7
809,809,4367,2015-02-10 4:31,179,-398,-106.0,426.0,-2,53
810,810,1465,2015-06-17 5:34,-478,-238,-256.0,-111.0,0,88
811,811,1784,2015-02-20 18:40,-304,288,212.0,364.0,-2,69
812,812,4693,2017-09-20 9:02,66,355,215.0,-258.0,-2,65
813,813,3649,2017-05-09 18:40,-288,49,-251.0,439.0,1,20
814,814,2090,2016-03-08 7:14,181,276,247.0,230.0,0,41
815,815,4846,2016-04-18 0:36,-116,-341,491.0,54.0,5,65
816,816,4254,2016-04-19 20:35,148,404,206.0,-74.0,-2,71
817,817,2762,2017-10-14 11:49,-161,264,-340.0,-246.0,0,27
818,818,4941,2016-06-29 11:35,-470,256,78.0,67.0,1,83
819,819,1029,2016-09-24 12:51,177,275,408.0,-169.0,3,52
820,820,3112,2015-09-04 4:41,170,240,234.0,-124.0,-2,36
821,821,3115,2015-10-11 1:42,-264,136,-120.0,497.0,2,81
822,822,3299,2015-03-14 7:19,287,-289,-293.0,229.0,-2,96
823,823,1178,2015-01-28 1:54,175,-497,206.0,357.0,-2,74
824,824,4637,2017-02-03 16:39,-153,342,64.0,405.0,3,71
825,825,3422,2015-10-23 2:19,219,-113,396.0,-222.0,0,56
826,826,2892,2015-07-07 10:35,112,150,478.0,-93.0,3,24
827,827,1781,2017-04-19 2:26,-455,222,-28.0,-144.0,3,38
828,828,2935,2015-09-10 11:14,47,74,250.0,484.0,-2,82
829,829,4246,2016-05-03 21:49,-437,-431,355.0,-115.0,5,43
830,830,4501,2016-11-11 20:54,91,-311,-257.0,-333.0,2,7
831,831,4932,2017-08-28 7:54,33,451,-99.0,-302.0,1,73
832,832,4792,2016-03-26 3:42,413,-257,-391.0,457.0,-2,47
833,833,2584,2015-09-18 17:29,111,187,-301.0,-367.0,4,7
834,834,4971,2017-06-24 3:31,412,39,142.0,43.0,-1,50
835,835,2349,2017-02-24 21:04,97,-128,138.0,384.0,-1,31
836,836,1891,2016-02-21 21:47,350,98,202.0,-58.0,3,15
837,837,4031,2015-05-28 8:52,318,-68,489.0,400.0,5,63
838,838,1845,2015-11-02 19:57,325,-257,-164.0,-398.0,-1,22
839,839,1217,2016-04-15 21:49,353,-432,-185.0,378.0,4,51
840,840,2381,2017-08-09 10:02,-51,-251,116.0,-208.0,3,86
841,841,1264,2015-10-20 5:16,497,123,-358.0,-451.0,3,29
842,842,4659,2016-09-22 2:39,-108,452,-251.0,-332.0,-1,83
843,843,1116,2017-10-24 4:00,290,-281,19.0,219.0,-1,69
844,844,2418,2015-09-19 20:16,-353,426,-370.0,212.0,2,82
845,845,3023,2015-01-21 15:57,-427,4,148.0,466.0,2,64
846,846,3054,2016-08-17 16:35,-466,-307,-454.0,-315.0,4,7
847,847,4823,2017-05-21 21:01,108,36,-442.0,70.0,1,94
848,848,4863,2017-11-01 15:48,67,-441,-217.0,151.0,4,24
849,849,2916,2015-11-05 5:36,-283,448,285.0,48.0,-2,86
850,850,1286,2015-01-04 1:21,469,-141,340.0,-34.0,1,58
851,851,2750,2017-05-26 11:45,-370,386,378.0,120.0,4,54
852,852,3969,2017-03-01 17:28,-142,-310,380.0,111.0,-2,-70
853,853,4337,2015-07-04 15:24,417,230,476.0,-470.0,-1,33
854,854,1499,2015-02-14 11:38,69,311,299.0,287.0,4,74
855,855,4920,2017-02-25 7:18,-127,-176,442.0,159.0,-1,84
856,856,3070,2015-04-19 4:54,-198,103,276.0,450.0,0,64
857,857,2692,2017-01-18 12:07,-46,6,-121.0,-179.0,3,8
858,858,1665,2016-10-05 18:53,57,-141,-363.0,-198.0,2,42
859,859,4411,2017-05-04 10:49,-337,-296,160.0,408.0,-1,75
860,860,2527,2016-07-17 3:48,-48,281,202.0,-448.0,0,61
861,861,2709,2016-10-25 16:51,-173,153,95.0,460.0,5,53
862,862,2760,2015-08-15 7:38,219,18,239.0,130.0,3,38
863,863,4782,2017-08-06 1:50,-1,146,-339.0,437.0,1,40
864,864,3182,2017-06-26 18:52,-493,-311,-66.0,-301.0,1,38
865,865,1941,2015-04-16 5:08,-174,-432,472.0,415.0,5,61
866,866,1496,2015-03-21 16:23,295,-163,-301.0,-47.0,1,85
867,867,2145,2017-02-23 16:38,-154,-442,81.0,497.0,0,61
868,868,3446,2016-02-05 21:12,346,206,-118.0,276.0,3,49
869,869,1966,2017-05-28 7:18,-362,-195,339.0,121.0,1,26
870,870,3191,2015-05-14 3:42,-115,215,-420.0,436.0,2,11
871,871,3486,2016-01-02 22:37,-426,-361,226.0,408.0,5,35
872,872,3084,2015-03-11 4:45,82,-82,174.0,-337.0,1,46
873,873,2588,2017-07-18 18:28,216,253,-214.0,79.0,3,98
874,874,2574,2015-09-17 16:35,-202,229,139.0,401.0,-1,65
875,875,1833,2017-10-11 10:43,-129,437,341.0,351.0,0,44
876,876,1790,2016-04-23 22:40,-381,405,267.0,13.0,3,40
877,877,2062,2016-05-01 17:57,405,275,-31.0,-25.0,2,52
878,878,4881,2017-11-25 5:17,-444,-296,-1.0,-140.0,-1,53
879,879,4482,2017-11-04 6:00,280,-10,-28.0,-63.0,3,32
880,880,1120,2015-08-03 11:04,375,-199,-438.0,298.0,-2,64
881,881,1384,2017-02-22 13:26,428,-30,-463.0,-193.0,1,82
882,882,1856,2015-02-02 22:20,215,371,24.0,-143.0,2,36
883,883,4894,2016-08-11 12:22,-136,26,-182.0,-28.0,3,37
884,884,4997,2016-02-04 21:53,289,-59,300.0,-310.0,3,23
885,885,3840,2015-08-07 17:39,-41,-342,143.0,-101.0,5,54
886,886,1866,2016-04-16 17:28,40,-443,-56.0,410.0,0,82
887,887,1182,2015-09-09 0:20,357,397,-357.0,-25.0,-2,35
888,888,4155,2016-08-03 5:49,-429,-103,179.0,56.0,1,40
889,889,1032,2017-11-24 13:18,-82,112,204.0,-336.0,3,37
890,890,2735,2017-01-20 22:20,479,-64,-412.0,427.0,3,67
891,891,3367,2015-06-24 4:13,-66,443,22.0,338.0,3,65
892,892,3844,2015-08-20 21:32,-140,298,485.0,-237.0,-1,92
893,893,3219,2017-09-02 18:02,82,-322,18.0,342.0,0,38
894,894,2336,2015-03-21 1:29,250,393,-93.0,-497.0,0,13
895,895,2902,2016-06-04 16:37,472,14,69.0,265.0,5,14
896,896,3818,2017-05-27 18:21,-196,66,-360.0,405.0,2,86
897,897,1096,2016-09-15 0:39,421,192,114.0,-177.0,0,30
898,898,1502,2015-08-27 3:19,-146,31,-189.0,-165.0,5,85
899,899,4220,2017-02-22 0:35,-127,255,-395.0,-3.0,4,32
900,900,2448,2017-08-09 8:07,140,108,-133.0,475.0,-1,49
901,901,3024,2016-10-02 13:33,-164,237,-74.0,34.0,3,33
902,902,3931,2015-11-22 8:49,-273,-425,-420.0,382.0,2,84
903,903,4692,2015-11-07 15:24,-340,-429,-368.0,-21.0,3,31
904,904,3394,2016-01-18 20:51,307,-53,46.0,-340.0,2,66
905,905,3419,2017-02-21 7:37,158,-481,266.0,459.0,-1,65
906,906,4975,2016-06-11 17:15,-302,286,422.0,173.0,2,28
907,907,2476,2016-06-29 12:06,-105,261,-197.0,392.0,0,65
908,908,2780,2017-03-18 4:21,154,455,-489.0,-493.0,-1,76
909,909,1899,2016-10-17 22:18,-163,-375,32.0,-70.0,1,72
910,910,3737,2017-10-01 11:24,-492,6,121.0,-206.0,-2,89
911,911,2319,2017-02-25 4:06,127,-54,47.0,80.0,-1,17
912,912,4211,2015-11-28 6:18,-380,-359,-220.0,-219.0,4,40
913,913,1912,2017-08-13 6:35,464,-471,-360.0,294.0,4,56
914,914,1191,2017-08-13 19:30,28,119,468.0,-285.0,2,42
915,915,2567,2015-05-15 10:46,-425,-124,-460.0,-229.0,0,14
916,916,3839,2017-02-10 18:00,-302,-441,363.0,-32.0,5,38
917,917,3466,2016-01-18 16:03,246,318,-177.0,99.0,0,59
918,918,1256,2017-11-06 10:29,-422,-278,-457.0,-450.0,0,12
919,919,3700,2017-04-17 11:36,-7,-486,35.0,210.0,3,27
920,920,1616,2015-07-29 16:28,-249,-475,497.0,-328.0,3,37
921,921,1166,2017-10-09 1:05,318,-197,188.0,304.0,-1,27
922,922,4431,2015-06-07 4:50,-184,384,428.0,-126.0,2,38
923,923,4796,2015-09-19 9:12,-391,331,-345.0,-329.0,-1,41
924,924,2054,2015-01-22 0:47,231,-63,-420.0,-361.0,-1,33
925,925,4596,2015-09-18 8:13,149,310,171.0,51.0,-1,53
926,926,3154,2016-05-06 10:55,-358,-438,114.0,-10.0,1,54
927,927,2623,2015-05-04 17:03,-389,217,212.0,-468.0,4,62
928,928,4949,2015-05-07 18:28,-319,181,-200.0,258.0,1,49
929,929,4848,2015-05-20 14:34,305,-270,-265.0,407.0,-1,83
930,930,1833,2017-07-24 7:20,52,-108,19.0,-246.0,4,56
931,931,1189,2016-01-07 7:49,-485,294,180.0,98.0,5,69
932,932,2362,2017-01-29 5:46,337,-236,360.0,492.0,-1,14
933,933,1570,2017-08-05 15:05,454,-333,-405.0,233.0,4,74
934,934,2738,2017-08-06 12:09,487,52,-23.0,316.0,0,59
935,935,3280,2015-01-18 3:19,26,-449,147.0,477.0,1,13
936,936,2120,2017-09-10 6:21,61,-181,448.0,-182.0,5,15
937,937,3688,2016-05-07 11:37,470,-445,-365.0,-85.0,-1,65
938,938,2439,2017-05-12 18:32,-330,302,14.0,81.0,0,68
939,939,2980,2017-11-28 22:08,214,363,214.0,-380.0,1,11
940,940,1384,2015-06-10 2:28,-230,-101,-90.0,454.0,4,78
941,941,1354,2016-03-20 22:02,451,-278,258.0,493.0,-2,94
942,942,4750,2016-06-16 1:11,-280,-195,-74.0,-449.0,2,92
943,943,3607,2016-01-02 8:50,155,116,223.0,449.0,2,41
944,944,1663,2015-09-25 8:05,316,-352,36.0,365.0,0,45
945,945,1832,2015-08-26 2:13,-385,435,-441.0,-43.0,3,39
946,946,3605,2017-09-11 10:38,83,-59,-170.0,-384.0,5,59
947,947,2488,2015-05-24 16:26,-3,-240,-84.0,-172.0,-1,48
948,948,1612,2015-02-23 9:54,-347,-300,-216.0,-330.0,1,69
949,949,2750,2015-05-28 7:52,161,17,396.0,-126.0,4,21
950,950,1854,2015-08-14 5:46,3,378,-127.0,-53.0,5,58
951,951,1773,2017-09-16 16:05,91,-100,-176.0,343.0,1,53
952,952,1220,2015-01-23 7:13,-34,258,119.0,192.0,2,73
953,953,3412,2016-05-21 21:39,-219,77,-178.0,-276.0,-2,23
954,954,2803,2015-09-20 21:27,-34,127,475.0,425.0,1,74
955,955,2809,2016-01-15 9:55,330,168,22.0,99.0,-1,47
956,956,1234,2017-06-28 22:18,-108,457,-79.0,-215.0,4,15
957,957,1425,2017-08-03 6:26,-6,365,-452.0,388.0,0,48
958,958,4774,2017-06-09 8:11,174,-40,-293.0,147.0,5,34
959,959,4167,2015-01-15 18:13,-17,225,-227.0,-351.0,-1,40
960,960,3180,2015-08-18 17:21,-299,-316,22.0,-294.0,5,24
961,961,4559,2015-08-15 10:17,-33,185,149.0,4.0,0,36
962,962,4644,2015-03-18 2:23,481,-213,226.0,-96.0,3,79
963,963,4222,2015-04-15 14:01,220,250,-391.0,120.0,5,23
964,964,2372,2016-10-11 20:24,232,63,-492.0,259.0,1,44
965,965,1866,2015-03-20 9:30,419,-194,439.0,-124.0,5,16
966,966,1705,2017-08-21 14:56,-491,274,47.0,-415.0,5,89
967,967,3705,2015-01-17 19:42,492,-78,-400.0,-101.0,3,91
968,968,4745,2016-08-23 15:09,319,149,249.0,15.0,-1,21
969,969,2557,2017-01-11 12:58,253,383,478.0,-93.0,-2,87
970,970,4779,2016-02-22 2:20,-323,348,-405.0,437.0,0,64
971,971,4371,2015-02-05 0:33,37,176,-463.0,-451.0,4,-70
972,972,3299,2015-02-14 1:34,-85,66,-338.0,-238.0,3,61
973,973,4498,2016-09-04 2:38,-238,-304,-206.0,-342.0,5,23
974,974,2413,2017-08-18 13:46,140,-9,-485.0,-108.0,-2,71
975,975,4064,2015-02-07 15:57,387,-271,-136.0,-256.0,0,89
976,976,2744,2016-04-07 18:25,336,-147,-303.0,-413.0,2,63
977,977,4729,2015-10-11 15:22,63,36,-443.0,-361.0,0,83
978,978,2869,2017-05-25 17:23,-176,-242,8.0,-54.0,-2,8
979,979,4164,2016-06-19 1:29,-366,-1,377.0,-202.0,0,88
980,980,4164,2016-04-02 16:02,409,-95,348.0,-82.0,4,35
981,981,3061,2015-04-04 19:54,-296,-290,-426.0,201.0,-1,89
982,982,4236,2017-07-28 22:34,-242,206,363.0,-448.0,4,55
983,983,2783,2015-08-08 5:24,133,457,-430.0,481.0,1,87
984,984,3988,2015-09-21 6:57,-199,173,345.0,-25.0,4,22
985,985,1594,2017-09-12 13:54,-210,97,-120.0,-255.0,5,51
986,986,4381,2017-03-06 16:00,437,-164,-122.0,305.0,-2,-80
987,987,3243,2017-03-17 13:09,455,179,-156.0,-196.0,4,61
988,988,1018,2016-02-07 11:26,15,-233,209.0,-23.0,3,30
989,989,2654,2017-07-21 17:18,66,82,-497.0,-177.0,1,-70
990,990,2834,2017-02-15 7:46,-63,117,-234.0,-329.0,4,77
991,991,2752,2017-04-10 15:50,275,7,168.0,-258.0,-2,57
992,992,1967,2017-11-15 21:21,-62,-176,-223.0,-315.0,2,62
993,993,4164,2016-06-09 3:37,358,103,50.0,-140.0,0,61
994,994,3344,2017-10-02 12:52,404,-175,144.0,-419.0,2,27
995,995,3969,2015-03-10 13:41,134,492,-225.0,-54.0,1,50
996,996,4836,2015-01-26 8:44,122,481,393.0,-249.0,2,50
997,997,1105,2017-06-14 10:37,-323,288,-97.0,210.0,2,72
998,998,2066,2017-03-09 7:50,-169,407,-113.0,-368.0,4,37
999,999,3709,2015-08-07 12:31,287,318,-165.0,-356.0,-2,49
